hub,country
MALPENSA AIRPORT,IT
NUTH,NL
OBERHAUSEN,DE
OCHTEN,NL
ODELZHAUSEN,DE
ODESA,SE
OEGSTGEEST,NL
OFFENBURG,DE
OGLI,IT
OIRSBEEK,NL
OISTERWIJK,NL
OLCH,DE
OLDBURY,GB
OLDENBURG,NL
OLEGGIO,IT
OLEN,BE
OLGIATE COMASCO,IT
OLGIATE OLONA,IT
OLKUSZ,PL
OLST,NL
OLSZTYN,PL
OLVE,ES
OMMEN,NL
ONDA,ES
ONNAING,FR
ONNEN,CH
ONTIGOLA,ES
OOSTENDE,BE
OOSTERHOUT NB,NL
OOSTKAMP,NL
OPFE,DE
OPGLABBEEK,BE
OPMEER,NL
OPPEANO,DE
ORBAIS L'ABBAYE,IT
ORGON,FR
ORIGGIO,IT
ORNAGO,IT
ORTE,IT
ORTOVERO,IT
ORYAHOVO,BG
OSIO SOTTO,IT
OSS,NL
OSSENDRECHT,NL
OSTBEVERN,DE
OSTFILDERN,DE
OSTWALD,FR
OSWESTRY,IE
OTEGEN BATYR VILLAGE,ES
OTTIGNIES-LOUVAIN-LA-NEUVE,BE
OUD-BEIJERLAND,NL
OUD-HEVERLEE,NL
OUD BEIJERLAND,NL
OUD GASTEL,NL
OUDA,FR
OUDALLE,FR
OUDENAARDE,NL
OVADA,IT
OVAR,PT
OVERIJSE,BE
OXFORD,FR
OXTED,GB
OZAROW MAZOWIECKI,DK
OZAROWICE,PL
OZZANO DELL'EMILIA,IT
PADBORG,DK
PADERBORN,IT
PAISLEY,GB
PALERMO,ES
PALMELA,FR
PANTIGLIATE,FR
PARABIAGO,ES
PARDUBICE 21,IT
PAREDES DE SIGUENZA,ES
PARIS,FR
PATRA,GR
PATTENSEN,DE
PAVIA,IT
PAVLIKENI,BG
PECETTO TORINESE,IT
PEGOGNAGA,IT
PELPLIN,PL
PEMBROKE DOCK,GB
PENRITH,GB
PENZANCE,IT
PERIGNANO,FR
PERPIGNAN,FR
PERSHORE,FR
PERTUIS,FR
PERUGIA,BE
PESARO,FR
PESCARA,IT
PESCHIERA BORROMEO,IT
PETERHEAD,GB
PETTEN,IT
PEYN,FR
PFAFFENHOFEN,DE
PFORZHEIM,DE
PIACENZA,IT
PICASSENT,ES
PIERA,FR
PIETA,IT
PIJNACKER,ES
PILES,ES
PIOLTELLO,IT
PIRMASENS,DE
PIRNA,DE
PISA,IT
PISTOIA,IT
PITESTI,RO
SCHIPHOL AIRPORT,NL
'S-HERTOGENBOSCH,NL
'S-GRAVENHAGE,NL
'S-HEERENBERG,NL
3542,NL
A16/E19,NL
AACHEN,DE
AALBORG,SE
AALSMEER,NL
AALTEN,BE
AARSCHOT,BE
ABBADIA,IT
ABBEKERK,FR
ABECHUCO,ES
ABENSBERG,DE
ABERDEEN,GB
ABIDJAN,FR
ABINGDON,GB
ABLIS,FR
ACCRINGTON,GB
ACHERN,DE
ADELBODEN,DE
ADUN,ES
AEROPUERTO SONDIKA,ES
AFFI,IT
AGEN,FR
AGIOS DIMITRIOS,IT
AGNADELLO,IT
AGONCILLO,ES
AGRATE BRIANZA,IT
AHLEN,DE
AICHTAL,DE
AIELLO DEL FRIULI,ES
AIGUEBLANCHE,FR
AIRASCA,IT
AIROLA,CH
AIRUNO,IT
AISEAU-PRESLES,BE
AIX-EN-PROVENCE,FR
AIXENPROVENCE,NL
AJACCIO,FR
AKERSLOOT,NL
AKKRUM,NL
ALAINCOURT,FR
ALBENGA,PT
ALBIATE,FR
ALBLASSERDAM,NL
ALENQUER,GB
ALFAMEN,ES
ALFELD,DE
ALFTER,DE
ALGECIRAS,ES
ALHAMA DE ARAGON,ES
ALICANTE,ES
ALKMAAR,NL
ALLONNES,FR
ALMELO,BE
ALMERE,NL
ALMKERK,NL
ALOVERA,ES
ALPEN AAN DE RIJN,DE
ALPHEN AAN DEN RIJN,NL
ALPIRSBACH,IT
ALSDORF,DE
ALTENFELDEN,BE
ALTIDONA,CH
ALTON,IT
ALZANO LOMBARDO,IT
ALZENAU,DE
ALZIRA,IT
AMBERT,FR
AMERSFOORT,IT
AMIENS,FR
AMSTELVEEN,NL
AMSTERDAM,FR
AMSTERDAM ZUIDOOST,NL
ANCENIS,FR
ANDENNE,BE
ANDERLECHT,BE
ANDIJK,FR
ANGERA,FR
ANGERS,BE
ANNAY,NL
ANS,DK
ANTRIM,GB
ANTWERPEN,BE
ANZIN,FR
ANZOLA,IT
ANZOLA DELL'EMILIA,IT
AOSTA,IT
APELDOORN,NL
APPIANO GENTILE,NL
ARAD,RO
ARANDA DE DUERO,ES
ARBO,IT
ARCOS DE LA FRONTERA,IT
ARESE,IT
AREZZO,IT
ARGANDA DEL REY,ES
ARLON,BE
ARLUNO,IT
ARNHEM,NL
ARNOLDSTEIN,AT
ARNSBERG,DE
ARONA,IT
ARRANCUDIAGA/ARRANKUDIAGA,ES
ARRAS,FR
ARUNDEL,ES
ARZBERG,DE
ASCHAFFENBURG,DE
ASENDORF,DE
ASHBOURNE,GB
ASSE,NL
ASSEN,NL
ASSISI,IT
ASTEN,NL
ASTI,IT
ATH,BE
ATOU,PT
ATVI,SE
AUBAGNE,BE
AUBY,FR
AUGUSTOW,ES
AULNAY SOUS BOIS,FR
AUSSAC VADALLE,FR
AUXERRE,FR
AVELGEM,BE
AVIANO,IT
AVIGLIANA,IT
AY SUR MOSELLE,FR
AYLESBURY,GB
AYWAILLE,BE
AZEREIX,FR
AZPEITIA,ES
AZUQUECA DE HENARES,IT
B9,IT
BAAR 1,BE
BAD BRAMSTEDT,DE
BAD CAMBERG,FR
BAD FALLINGBOSTEL,DE
BAD HERSFELD,NL
BAD NEUENAHR-AHRWEILER,DE
BADEN BEI WIEN,DE
BAGNARIA ARSA,IT
BALERNA,CH
BALZERS,DE
BAMBERG,DE
BANASTAS,ES
BANBURY,GB
BANINO,PL
BARBASTRO,ES
BAREGGIO,NL
BARLASSINA,DE
BARNEVELD,SE
BARRY,GB
BARTON-UPON-HUMBER,FR
BASEL,CH
BASILDON,IT
BASSENHEIM,DE
BASTIA,FR
BATA,NL
BAUTZEN,DE
BAVENO,IT
BAYERBACH,DE
BAZAS,FR
BDS,IT
BEAURAING,BE
BECCLES,GB
BEDBURG,DE
BEDFORD,NL
BEDIZZOLE,IT
BEDUM,NL
BEERSEL,NL
BEESD,NL
BEETSTERSZWAAG,NL
BEILNGRIES,NL
BEINASCO,FR
BELFAST,GB
BELGRADE,RS
BEMMEL,NL
BENAVENTE,NL
BENNEBROEK,NL
BENTIVOGLIO,IT
BERBENNO DI VALTELLINA,IT
BERCHEM,BE
BERGEN,NO
BERGEN OP ZOOM,NL
BERGEYK,NL
BERH,DE
BERINGEN,BE
BERKEL EN RODENRIJS,GB
BERLIN,DE
BERM,DE
BERN,CH
BERRIOZAR,ES
BERTINORO,LU
BESANA IN BRIANZA,FR
BESSENBACH,IT
BEST,NL
BEUGEN,NL
BEUNINGEN GLD,NL
BEUSICHEM,NL
BIANCONESE,IT
BIARRITZ,FR
BIBERACH,DE
BICESTER,GB
BIELEFELD,IT
BIETIGHEIM-BISSINGEN,DE
BIEZENMORTEL,NL
BIGUES I RIELLS,ES
BILLUND,DK
BILTHOVEN,NL
BINCHE,FR
BINGEN,DE
BIRD,GB
BIRKENHEAD,GB
BIRKHOLZ,DE
BIRMINGHAM,GB
BISB,ES
BISUSCHIO,IT
BIZZARONE,IT
BLACKPOOL,GB
BLADEL,NL
BLAGNAC,FR
BLAK,GB
BLANKENFELDE,DE
BLANQUEFORT,FR
BLAUBEUREN,FR
BLEISWIJK,NL
BLIESKASTEL,BE
BLIJHAM,NL
BLOIS,FR
BOBIGNY,FR
BOCHUM,DE
BOFFZEN,DE
BOLBEC,FR
BOLLATE,IT
BOLOGNA,IT
BOLSENA,NL
BOLZANO,IT
BON,FR
BONDENO,FR
BONDOUFLE,FR
BONFERRARO,FR
BOR U TACHOVA,CZ
BORGLOON,BE
BORGO SAN DONATO,ES
BORMES LES MIMOSAS,FR
BORYSLAV,UA
BOSKOOP,NL
BOSTON,GB
BOUGUENAIS,FR
BOURBON LANCY,GB
BOURG-ST-PIERRE,CH
BOUSBECQUE,FR
BOUSSU,NL
BOXBERG,DE
BOXMEER,NL
BOXTEL,NL
BRA,IT
BRADFORD,GB
BRAINE-LE-COMTE,DE
BRAKEL,BE
BRASSAC,RO
BRATISLAVA,SK
BRAUNSCHWEIG,DE
BREDA,NL
BREE,NL
BREIDENBACH,DE
BREMEN,DE
BREST,IT
BRETTEN,FR
BREUBERG,NL
BRIDGEND,GB
BRIE COMTE ROBERT,FR
BRIIS SOUS FORGES,FR
BRISTOL,GB
BRIVE LA GAILLARDE,FR
BRNO 2,CZ
BRUGGE,BE
BRUGNERA,IT
BRUNSLEBERFELD,DE
BRUSEGANA,IT
BUCURESTI,RO
BUDAPEST,HU
BUDEL,NL
BUDRIO,IT
BULGAROGRASSO,FR
BUNSCHOTEN,NL
BURGAS,ES
BURNHAM-ON-CROUCH,GB
BURRIANA,BG
BURTON-ON-TRENT,GB
BUSNAGO,IT
BUSTO ARSIZIO,IT
BUXTEHUDE,DE
BVA,FR
CABANILLAS DEL CAMPO,ES
CAEN,FR
CAERPHILLY,GB
CAGN,FR
CAHORS,FR
CAIOLO,IT
CALAIS,FR
CALCINATE,IT
CALDARO SULLA STRADA DEL VINO,IT
CALLENBERG,DE
CALVENZANO,IT
CAMAIORE,NL
CAMEROUN YAOUNDE,IT
CAMISANO VICENTINO,IT
CAMPI BISENZIO,IT
CAMPROVIN,FR
CANDILLARGUES,FR
CANNOCK,GB
CANONICA D'ADDA,IT
CANTALUPO,IT
CANTERBURY,GB
CAPDENAC GARE,IT
CAPELLE AAN DEN IJSSEL,FR
CAPODICHINO,IT
CAPRIATA D'ORBA,IT
CARANSEBES,IT
CARCAIXENT,FR
CARDONA,GB
CARH,FR
CARIGNAN DE BORDEAUX,IT
CARLOW,GB
CARNOUSTIE,GB
CAROUGE GE,FR
CARTAGENA,IT
CARTERTON,GB
CARVICO,FR
CASALECCHIO DI RENO,IT
CASALEGGIO NOVARA,IT
CASATENOVO,CH
CASCAIS,ES
CASNATE,IT
CASTEL GOFFREDO,IT
CASTEL SAN GIOVANNI,IT
CASTELLETTO SOPRA TICINO,IT
CASTELLO DI BRIANZA,IT
CASTROP-RAUXEL,IT
CAUDE,ES
CAUDEBEC EN CAUX,FR
CAVAGLIA',IT
CAVAILLON,IT
CAVENAGO,IT
CELLE,DE
CERVARESE SANTA CROCE,IT
CESANO BOSCONE,IT
CESENA,IT
CESTAS,FR
CHASSENEUIL DU POITOU,FR
CHAVEYRIAT,FR
CHEADLE,GB
CHELMSFORD,PL
CHEMNITZ,DE
CHERBOURG OCTEVILLE,FR
CHEVILLY LARUE,FR
CHIAJNA,CH
CHICHESTER,GB
CHIMAY,BE
CHIPPENHAM,LU
CHITILA,RO
CHIUDUNO,IT
CHIVASSO,IT
CHORLEY,PL
CHRISTCHURCH,GB
CIA,IT
CINEY,BE
CIRENCESTER,GB
CITTADELLA,IT
CIVITANOVA MARCHE,IT
CLAMART,FR
CLARA,IE
CO. DUBLIN,IE
COALVILLE,GB
COBH,GB
COBURG,DE
CODEMONDO,IT
COEVORDEN,NL
COGNAC,FR
COLICO,IT
COLLARMELE,IT
COLOGNA,IT
COLOMBUS,NL
COMMELLE VERNAY,FR
COMO,IT
CONCESIO,IT
CONTRES,LU
CONZANO,IT
COPPENGRAVE,IT
COQUELLES,FR
CORBY,FR
CORIANO,IT
CORK,IE
CORREGGIO,IT
COSEANO,IT
COSLADA,ES
COTTBUS,DE
COURDEMANCHE,FR
COVENTRY,GB
CRAIGAVON,GB
CRAILSHEIM,DE
CRAMLINGTON,GB
CRAWLEY,GB
CREAZZO,IT
CREWE,GB
CRISSEY,CH
CROISSY BEAUBOURG,FR
CROLLES,FR
CROSIO DELLA VALLE,IT
CUEN,ES
CUIJK,NL
CULEMBORG,NL
CUSAGO,IT
CWLS,GB
DACHAU,DE
DAGMERSELLEN,CH
DAGNEUX,FR
DALFSEN,NL
DALHEM,BE
DAMIETTA EAST OF THE PORT,IT
DAMME,NL
DANNSTADT-SCHAUERNHEIM,DE
DARFO-BOARIO TERME,IT
DARMSTADT,DE
DARTFORD,GB
DAUTPHETAL,DE
DAVENTRY,GB
DE KWAKEL,NL
DE LIER,NL
DE MEERN,NL
DE PANNE,BE
DE PINTE,ES
DE WIJK,NL
DEDEMSVAART,NL
DEERLIJK,BE
DEESIDE,GB
DEINZE,BE
DEIZ,DE
DELFGAUW,NL
DELMENHORST,DE
DEN HELDER,IT
DEN HOORN ZH,NL
DENDERMONDE,BE
DENEKAMP,NL
DERBY,GB
DESE,IT
DESIO,IT
DESSAU,DE
DETTELBACH,DE
DEURNE,NL
DEVENTER,NL
DEWSBURY,GB
DIDAM,NL
DIEBURG,DE
DIEK,LU
DIELSDORF,CH
DIEMEN,NL
DIEREN,NL
DIESSEN,BE
DIJON,FR
DIKSMUIDE,BE
DILBEEK,BE
DILSEN-STOKKEM,BE
DINSLAKEN,DE
DINTELOORD,NL
DINXPERLO,NL
DIRKSHORN,NL
DISON,UA
DITZINGEN,DE
DOBRA (SZCZECINSKA),NL
DODEWAARD,NL
DOESBURG,NL
DOETINCHEM,NL
DOKKUM,NL
DOLE,FR
DOMBASLE SUR MEURTHE,HU
DONAUESCHINGEN,DE
DONCASTER,GB
DONGEN,NL
DOORN,NL
DORDRECHT,NL
DORFGASTEIN,DE
DORMAGEN,DE
DOROHUSK,PL
DORP,DE
DORSTEN,DE
DORTMUND,DE
DOS HERMANAS,ES
DOSOLO,IT
DOULLENS,FR
DOVER,GB
DRACHTEN,NL
DREBKAU,DE
DREIEICH,DE
DRESDEN,IE
DROBETA-TURNU SEVERIN,RO
DRONTEN,NL
DRUENTO,IT
DRUNEN,NL
DRUSENHEIM,FR
DRUTEN,NL
DUBLIN 13,IE
DUBLIN 15,IE
DUDARKIV,UA
DUDELANGE,LU
DUEVILLE,IT
DUFFEL,BE
DUISBURG,DE
DUIVEN,NL
DUKINFIELD,GB
DUMBARTON,RO
DUSI,IT
DWINGELOO,NL
EAST GRINSTEAD,ES
EBENSEE,DE
EBERBACH,DE
EBU,FR
ECHT,NL
EDAM,NL
EDE,NL
EELDE,NL
EERBEEK,NL
EERSEL,NL
EGHAM,GB
EIBENSTOCK,NL
EICHENZELL,DE
EIJSDEN,NL
EINDHOVEN,NL
EISENACH,DE
EJEA DE LOS CABALLEROS,ES
EL POZUELO,ES
EL PRAT DE LLOBREGAT,ES
ELBLAG,PL
ELBURG,NL
ELCHINGEN,DE
ELSENFELD,BE
ELSLOO,NL
ELTERLEIN,DE
EMMERICH,NL
EMPOLI,IT
ENGHIEN,BE
ENGIS,FR
ENKHUIZEN,NL
ENNEPETAL,DE
ENSCHEDE,NL
ENTZHEIM,FR
EPE,NL
ERBACH,IT
ERBUSCO,IT
EREMBODEGEM,BE
ERFURT,DE
ERKELENZ,DE
ERLANGEN,DE
ERLENSEE,DE
ERMELO,NL
ERPE-MERE,BE
ERQUELINNES,BE
ERRI,IE
ERSTEIN,CH
ESCHBORN,DE
ESSEN,DE
ESTAIMPUIS,BE
ETTEN GLD,NL
ETTEN LEUR,NL
ETTLINGEN,DE
ETXE,ES
EUPEN,BE
EUSKIRCHEN,DE
EVERGEM,BE
EVESHAM,GB
EWIJK,NL
EXETER,GB
EYGELSHOVEN,NL
EYSTRUP,DE
FAENZA,IT
FARMSUM,NL
FARNBOROUGH,GB
FAUGLIA,IT
FELDKIRCHEN BEI GRAZ,AT
FELGUEIRAS,NL
FELLBACH,DE
FELTHAM,GB
FERMOY,NL
FERNDOWN,ES
FERWERD,NL
FIANO,IT
FICHTENAU,DE
FIDENZA,IT
FIGUERES,ES
FING,IE
FINNENTROP,SE
FINOCCHIO,DE
FIRENZE,IT
FISCHAMEND,AT
FIUMICINO,IT
FLENSBURG,DE
FLERS,BE
FLEURUS,DE
FLINS SUR SEINE,GB
FLOERSHEIM,DE
FLOREFFE,BE
FO-FOLKESTONE,GB
FOETZ,LU
FOMBIO,IT
FOREST,IT
FORLI',IT
FORLIMPOPOLI,ES
FORSHEDA,DE
FOS SUR MER,FR
FRANKFURT,DE
FRECHEN,DE
FREIBURG,DE
FRENEY,FR
FRESNES EN TARDENOIS,FR
FRETIN,FR
FRIEDBERG,DE
FROT,DE
FUNES,IT
FUNO,IT
GABROVO,BG
GALLARATE,DE
GAMEREN,NL
GARBSEN,IT
GARDANNE,FR
GARONS,FR
GATESHEAD,DE
GATWICK,GB
GDANSK,PL
GDYNIA,PL
GEBR,FR
GEEL,BE
GEER,NL
GEHR,DE
GEILENKIRCHEN,DE
GEISPOLSHEIM,DE
GELDERN,DE
GELEEN,NL
GELSENKIRCHEN,DE
GEMBLOUX,BE
GENAPPE,BE
GENDEREN,NL
GENK,BE
GENNEP,FR
GENOVA,IT
GENSHAGEN,FR
GERA,BE
GERMENDORF,FR
GERONA,ES
GEVREY CHAMBERTIN,FR
GIESSENBURG,DE
GIETEN,NL
GILLINGHAM,BE
GILLY,NL
GILZE,NL
GIOI,IT
GISTEL,BE
GIULIANOVA,IT
GIUSSAGO,IT
GLADBECK,DE
GLASGOW,NL
GLAUCHAU,DE
GLIWICE,PL
GLOUCESTER,GB
GNARRENBURG,DE
GOCH,DE
GODALMING,GB
GOES,NL
GOIRLE,NL
GOLDENSTEDT,DE
GONESSE,FR
GOODWICK,GB
GORINCHEM,NL
GORREDIJK,NL
GOSPORT,GB
GOSTYN,UA
GOTTMADINGEN,DE
GOUDA,NL
GRAFENAU,DE
GRASSOBBIO,NL
GRAVE,NL
GREAT YARMOUTH,GB
GRENTHEVILLE,FR
GRESSAN,IT
GRETZ ARMAINVILLIERS,FR
GREVEN,DE
GREVENBROICH,DE
GRIES AM BRENNER,AT
GRIGNO,IT
GRIJOTA,NL
GRIMBERGEN,BE
GROBBENDONK,DE
GROENEKAN,NL
GRONINGEN,NL
GROU,NL
GRUBBENVORST,NL
GRUGLIASCO,IT
GRUMELLO CREMONESE,IT
GUANGHZOU,IT
GUIDONIA,IT
GUIGLIA,IT
GUILDFORD,IT
GUMMERSBACH,DE
GUNSKIRCHEN,AT
HAAFTEN,NL
HAAKSBERGEN,NL
HAAREN,NL
HAARLE GEM HELLENDOORN,NL
HAARLEM,NL
HABAY,BE
HAGEN,FR
HAHN-FLUGHAFEN,DE
HAID BEI ANSFELDEN,AT
HALEN,BE
HALFWEG,NL
HALLEIN,BE
HALSTEREN,NL
HAM-SUR-HEURE-NALINNES,BE
HAMBURG,DE
HAMM,DE
HANAU,DE
HANNUT,BE
HAPERT,NL
HARDINXVELD GIESSENDAM,NL
HARFLEUR,FR
HARLOW,NL
HARTBERG,DE
HARWICH,GB
HASSELT,BE
HATTERSHEIM,GB
HATVAN,HU
HAUB,FR
HAULERWIJK,NL
HAVANT,GB
HAVERHILL,NL
HAVRISIVKA,UA
HEDEHUSENE,DK
HEEG,NL
HEELWEG,NL
HEEMSTEDE,NL
HEERLEN,NL
HEHL,DE
HEIJEN,NL
HEILBRONN,DE
HEILIGENHAUS,DE
HEINENOORD,NL
HELLEVOETSLUIS,NL
HELMOND,NL
HELSINKI,FI
HEM,FR
HEMEL HEMPSTEAD,NL
HEMHOFEN,DE
HENDAYE,NL
HENGOED,NL
HENIN BEAUMONT,FR
HEREFORD,BE
HERENT,DE
HERENTALS,NL
HERFORD,DE
HERK-DE-STAD,NL
HERNE,ES
HERRENBERG,DE
HERSCHEID,BE
HERVE,BE
HERZELE,DE
HETEREN,NL
HETR,NL
HEUSDEN GEM ASTEN,BE
HEUSDEN GEM HEUSDEN,NL
HIGH PEAK,FR
HIGH WYCOMBE,GB
HILDESHEIM,DE
HILPOLTSTEIN,DE
HILVARENBEEK,NL
HIRTSHALS,DK
HOBRO,DK
HOCHDORF,IT
HOCKENHEIM,DE
HODDESDON,GB
HOEGAARDEN,BE
HOENDERLOO,NL
HOF BEI SALZBURG,DE
HOLLANDSCHE RADING,NL
HOLSLOOT,DK
HOLYHEAD,GB
HOLZKIRCHEN,DE
HOMBURG,FR
HONSELERSDIJK,NL
HOOFDDORP,NL
HOOGEVEEN,NL
HOOGLEDE,NL
HOOGSTRATEN,BE
HOOGVLIET ROTTERDAM,NL
HOOK,GB
HORENYCI,UA
HORLEY,GB
HORSHAM,GB
HORST,NL
HOSTALRIC,CZ
HOUDAN,BE
HOUTHALEN-HELCHTEREN,BE
HUARTE-PAMPLONA,ES
HUDDERSFIELD,GB
HUER,DE
HUISSEN,NL
HULL,GB
HULST,NL
HUNTINGDON,GB
HVIDOVRE,DK
HYER,FR
ICHTEGEM,BE
IEPER,BE
IJMUIDEN,NL
IJSSELMUIDEN,NL
ILLERTISSEN,ES
ILLESCAS,ES
ILLZACH,FR
ILSHOFEN,DE
IMMINGHAM,GB
IMOLA,IT
INGOLSTADT,DE
INIE,ES
INNSBRUCK,AT
INTROBIO,IT
INVERIGO,IT
IPSWICH,GB
IRUN,ES
IRVINE,GB
ISELLE,IT
ISERNHAGEN,DE
ISLEWORTH,DE
ISMANING,DE
ISPRA,IT
ISSELBURG,FR
ISSOIRE,FR
ISTANBUL,TR
ITTERBECK,NL
ITZEHOE,DE
IVER,GB
IVREA,IT
IZMIR,BE
JACOBSDORF,DE
JAMBES,BE
JARAIZ DE LA VERA,ES
JEMEPPE-SUR-SAMBRE,BE
JEMIELNO,NO
JENA,DE
JENBACH,AT
JENEC,UA
JEREZ DE LA FRONTERA,ES
JESSHEIM,NO
JIJONA,ES
JIRNSUM,CZ
JODOIGNE,BE
JOURE,NL
JOUY-EN-JOSAS,FR
JUBBEGA,NL
JUDENAU,AT
JUMET,BE
JUNGLINSTER,LU
JUPR,BE
KAHL,DE
KAISERSLAUTERN,DE
KALSDORF BEI GRAZ,DE
KALUNDBORG,DK
KALYNIVKA,UA
KAPELLE,DE
KAPPEL-GRAFENHAUSEN,DE
KARLSRUHE,DE
KARMELAVA,LT
KASSEL,DE
KASTRUP,DK
KATOWICE,PL
KATWIJK ZH,NL
KATY WROCLAWSKIE,PL
KAUFBEUREN,DE
KAUNAS,LT
KAYSERSBERG,FR
KAZANLAK,BG
KEERBERGEN,BE
KEFL,IS
KEHL,DE
KELMIS,BE
KELSTERBACH,DE
KEMPTEN,DE
KENDAL,GB
KERE,GB
KERKRADE,NL
KERMT,BE
KESWICK,GB
KEVELAER,DE
KHARKIV,UA
KIEL,PL
KIELDRECHT,BE
KIRCHHEIM,AT
KIRN,DE
KLAZIENAVEEN,NL
KLETTGAU,DE
KLEVE,DE
KLIPPAN,DE
KLOOSTERBUREN,NL
KLOTEN,CH
KLUNDERT,NL
KNARESBOROUGH,GB
KNOKKE-HEIST,BE
KOETSCHETTE,LU
KOLDING,DK
KONTICH,BE
KORSCHENBROICH,DK
KORTEMARK,NL
KOUDEKERK AAN DEN RIJN,NL
KOWLOON,DE
KRAKOW,PL
KREFELD,DE
KREMENCHUK,UA
KREUZTAL,DE
KRIMPEN AAN DE LEK,NL
KRISTIANSTAD,SE
KROSNIEWICE,PL
KRYV,UA
KUFSTEIN,AT
KUPPENHEIM,DE
KUTNO,CZ
KUURNE,BE
KYJIV,UA
L'VIV,UA
LA CROIX-DE-ROZON,CH
LA MADELEINE DE NONANCOURT,NL
LA MOTTE SERVOLEX,FR
LA NEUVILLE AU PONT,IT
LA SEYNE SUR MER,FR
LAAKDAL,BE
LAATZEN,DE
LABENNE,FR
LACCHIARELLA,IT
LADBERGEN,DE
LAEKEN,BE
LALLIO,IT
LAMMARI,IT
LANCASTER,FR
LANDSHUT,DE
LANGENHAGEN,DE
LAON,FR
LARNE,GB
LAS PALMAS DE GRAN CANARIA,ES
LASNE,IT
LAUDIO,ES
LAUENAU,DE
LAUTERACH,AT
LAUWE,FR
LAVENO MOMBELLO,FR
LE CELLIER,FR
LE GRAND QUEVILLY,CH
LE HAVRE,FR
LE MANS,FR
LE PETIT QUEVILLY,FR
LE PLESSIS BELLEVILLE,FR
LE RHEU,FR
LEAMINGTON SPA,GB
LEBBEKE,BE
LEDEACKER,NL
LEDEBERG,FR
LEEDS,GB
LEENDE,NL
LEERBROEK,NL
LEEUWARDEN,NL
LEGAZPIA/LEGAZPI,ES
LEGNANO,IT
LEHRE,DE
LEIDEN,NL
LEIGHTON BUZZARD,GB
LEIMEN,NL
LEINBURG,DE
LEINI(TO),NL
LEIPZIG,DE
LEISSLING,DE
LELYSTAD,NL
LEMMER,NL
LEMPDES,FR
LEOPOLDSDORF BEI WIEN,BE
LERY,FR
LES THILLIERS EN VEXIN,FR
LESO,IT
LESQUIN,FR
LESSINES,BE
LETCHWORTH,GB
LEUNA,DE
LEUSDEN,NL
LEUVEN,BE
LEUZE-EN-HAINAUT,BE
LEVERKUSEN,NL
LEWEDORP,NL
LEYLAND,GB
LICH,BE
LIDO DI OSTIA,IT
LIER,NL
LIESBERG,NL
LIEUSAINT,FR
LIJNDEN,NL
LILIENTHAL,DE
LILLE,BE
LILLERS,FR
LIMITO,IT
LIMOGES,FR
LIN,IT
LINDEN,DE
LINZ,AT
LISBOA,PT
LISCATE,IT
LISSE,NL
LISZKI,IT
LIVERPOOL,GB
LIVORNO,IT
LIVRAGA,IT
LJUBLJANA,SI
LJUNGBY,SE
LLANERA,GB
LLEIDA,ES
LLINARS DEL VALLES,ES
LOBITH,NL
LOCHRISTI,BE
LODZ,PL
LOECHES,ES
LOGNES,FR
LOHFELDEN,DE
LOKEREN,BE
LOMMEL,BE
LONATE POZZOLO,IT
LONDON,GB
LONGUEIL-SAINTE-MARIE,FR
LONS,FR
LOON-PLAGE,FR
LOPIK,NL
LORGIES,FR
LOSSBURG,NL
LOUHANS,FR
LOVECH,IT
LUBLINIEC,PL
LUDWIGSBURG,DE
LUGANO SORTITE,CH
LUGO,RO
LUINO,IT
LUIS,FR
LULEA,SE
LUND,GB
LURAGO D'ERBA,IT
LUSE,IT
LUSTENAU,AT
LUTON,GB
LUTTERWORTH,GB
LUXEMBOURG,LU
LUZENAC,CH
LYMM,GB
LYMP,GB
LYS LEZ LANNOY,FR
LYSVIK,SE
MAASTRICHT,NL
MACHELEN,BE
MACLODIO,IT
MAGDEBURG,DE
MAGENTA,IT
MAGGIORA,IT
MAIA,PT
MAIDSTONE,NL
MAINZ,DE
MAKKUM,NL
MALDON,NL
MALESTROIT,UA
MALMEDY,BE
MALSCH,DE
MALTA (VALETTA),MT
MANCHESTER,GB
MANIGOD,FR
MANISES,ES
MANNHEIM,DE
MANNINGTREE,IT
MARCHE-EN-FAMENNE,BE
MARGHERA,NL
MARIAKERKE,AT
MARKE,BE
MARL,FR
MARMANDE,IT
MARSEILLE,FR
MARTIN,IT
MARUPE,NL
MARWIJKSOORD,NL
MARZ,IT
MASSA,IT
MASSY,FR
MATOSINHOS,PT
MAYEN,DE
MAZZO MILANESE,IT
MEALHADA,ES
MECHERNICH,BE
MECO,ES
MEDA,IT
MEEUWEN-GRUITRODE,BE
MEISE,NL
MELEGNANO,IT
MELUN,FR
MEMMINGEN,DE
MENEN,BE
MEPPEL,NL
MEQUINENZA,ES
MERANO,IT
MERIDA,FR
MERKENDORF,BE
MERSELO,NL
MERTERT,LU
MERXHEIM,FR
MESOCCO,CH
MESSANCY,FR
MESTRE,IT
METTMANN,BE
MEUNG SUR LOIRE,FR
MEZZANO,IT
MICHALOWICE,PL
MICHALOWICE-OSADA,PL
MIDDELHARNIS,FR
MIDDENBEEMSTER,GB
MIDWOLDE,NL
MIHLA,DE
MIJDRECHT,NL
MILAGRO,IT
MILSBEEK,NL
MILTON KEYNES,GB
MINSK,BY
MIONS,FR
MIRA,IT
MISANO ADRIATICO,IT
MISINTO,IT
MITRY MORY,FR
MITTENAAR,GB
MITTENWALDE,DE
MLAWA,PL
MODANE,FR
MODENA,IT
MOERS,NL
MOGOSOAIA,RO
MOIRANS,FR
MOISSAC,FR
MOL,BE
MOLLERUSSA,ES
MONDEVILLE,FR
MONHEIM,DE
MONS,BE
MONTEBELLUNA,IT
MONTIJO,FR
MONZA,IT
MORECAMBE,GB
MORLANWELZ,BE
MOSBACH,DE
MOSCOW-SHEREMETYEVO,RU
MOUILLERON LE CAPTIF,FR
MOUNTAIN ASH,GB
MOUSCRON,FR
MOZZANICA,IT
MXN,FR
NAALDWIJK,NL
NAARDEN,NL
NADARZYN,PL
NADLAC,RO
NAMUR,BE
NARBONNE,FR
NEDER-OVER-HEEMBEEK,NL
NEIDLING,NL
NERVESA DELLA BATTAGLIA,IT
NETTETAL,DE
NEU-ISENBURG,DE
NEUCHATEL,CH
NEUENMARKT,DE
NEUNKIRCHEN,DE
NEURIED,AT
NEUSS,DE
NEUWIED,DE
NEWARK,GB
NEWCASTLE UPON TYNE,GB
NEWMARKET,IE
NEWPORT,GB
NEWQUAY,GB
NEWTON ABBOT,GB
NIBBIXWOUD,NL
NICE,FR
NICHELINO,IT
NICKELSDORF,AT
NIEDERZIER,DE
NIEMEGK,DE
NIENBURG,DE
NIEUW VENNEP,NL
NIEUWEDIEP,NL
NIEUWERKERK AD IJSSEL,NL
NIEUWVEEN,NL
NIJEHASKE,NL
NIJKERK,NL
NIJLEN,BE
NIJMEGEN,NL
NIJVERDAL,NL
NINOVE,BE
NIORT,FR
NISTELRODE,NL
NIVELLES,BE
NOCETO,IT
NONE,IT
NOOTDORP,NL
NORDERSTEDT,DE
NORTHAMPTON,GB
NORWICH,GB
NOTTINGHAM,NL
NOTTULN,GB
NOVATE MILANESE,IT
NOWA SOL,PL
NOWY DWOR MAZOWIECKI,PL
NUMANSDORP,NL
NUNEATON,GB
NUNSPEET,NL
NUSSBACH,AT
PLANEGG,FR
PLESZEW,FR
PLOIESTI,RO
PLOVDIV,BG
POLCH,DE
POLTAVA,UA
POMEZIA,IT
PONTE SAMOGGIA,IT
PONTE SAN GIOVANNI,IT
PONTYCLUN,GB
POOLE,GB
POORTUGAAL,NL
PORRENTRUY,CH
PORTICO DI CASERTA,IT
POTSDAM,DE
POTTENBRUNN,GB
POVI,IT
POZNAN,PL
POZZA,IT
PRAHA 6,CZ
PRENZLAU,DE
PRESTON,PL
PRESTWICK,GB
PRITZWALK,DE
PROLISKY,UA
PRONSFELD,DE
PROSECCO,IT
PROVAGLIO D'ISEO,IT
PRUSZCZ GDANSKI,PL
PULBOROUGH,GB
PULHEIM,DE
PUMENENGO,IT
PURFLEET,GB
PURMER,NL
PUSIGNAN,FR
PUTTEN,DE
PUURS,BE
QLA,GB
QUATRE BORNES,IT
RAALTE,NL
RAAMDONKSVEER,NL
RADEBEUL,DE
RADOLFZELL,PL
RAMSGATE,FR
RANKWEIL,AT
RANSBACH-BAUMBACH,DE
RASZYN,PL
RATINGEN,DE
RAUBLING,DE
RAVELS,IT
RAVENSBURG,DE
READING,GB
RECKLINGHAUSEN,DE
REDDITCH,GB
REEUWIJK,NL
REGENSBURG,DE
REGGELLO,IT
REICHSHOF,DE
REIMS,FR
REITMEHRING,LU
REMEDELLO DI SOPRA,IT
REMSHALDEN,DE
RENENS,NL
RENFREW,GB
RENNES,DE
REUVER,NL
REVENTIN VAUGRIS,FR
REYRIEUX,FR
RHEDE,NL
RHEINE,DE
RHENEN,NL
RHOON,NL
RHYL,GB
RIALE,IT
RIBES DE FRESER,ES
RIDDERKERK,NL
RIESA,DE
RIGA,LV
RIGNANO FLAMINIO,IT
RIJEKA,NL
RIJKEVOORT,BE
RIJS,NL
RILLAND,NL
RIMINI,IT
RIOM,FR
RITTERHUDE,DE
RIVA,ES
RIVALTA DI TORINO,IT
RIVNE,UA
RIXENSART,BE
ROBBIATE,IT
ROCHESTER,BE
ROCQUANCOURT,FR
ROEBUCK LANE SMETHWICK,GB
ROELOFARENDSVEEN,NL
ROERMOND,NL
ROESELARE,BE
ROGENO,FR
ROHRDORF,DE
ROISSY EN FRANCE,FR
ROLETTO,IT
ROMA,IT
ROMT,FR
RONCADELLE,IT
RONNEBURG,DE
RONSBERG,BE
ROOSENDAAL,NL
ROQUEFORT,FR
ROQUES,NL
ROSBACH,DE
ROSENBERG,DE
ROSIGNANO MARITTIMO,FR
ROSMALEN,NL
ROSTOCK,DE
ROTHERHAM,GB
ROTTERDAM,NL
ROYE,FR
RUESCHLIKON,DE
RUGBY,GB
RUMILLY,FR
RUNCORN,GB
RUSE,BG
RUURLO,NL
RZESZOW,PL
RZGO,PL
SAINT-GENIS-LAVAL,FR
SAINT-GHISLAIN,FR
SALEA,IT
SALLENT,ES
SALON DE PROVENCE,FR
SALZBURG,AT
SAMAZAN,IT
SAN BENEDETTO DEL TRONTO,IT
SAN CANZIAN D'ISONZO,ES
SAN GIULIANO MILANESE,IT
SANDOUVILLE,FR
SANKT AUGUSTIN,BE
SANTO STINO DI LIVENZA,DE
SARAN,FR
SAS VAN GENT,BE
SASSNITZ,NL
SATURARGUES,FR
SAUGNACQ ET MURET,FR
SAUSHEIM,FR
SAVIGLIANO,FR
SAVONA,IT
SCHAFFHAUSEN,CH
SCHATTDORF,CH
SCHIEDER-SCHWALENBERG,NL
SCHIPHOL,NL
SCHIPHOL-RIJK,NL
SCHKEUDITZ,DE
SCHKOPAU,DE
SCHWANAU,DE
SCHWETZINGEN,DE
SCORZE',IT
SECLIN,FR
SEDAN,FR
SEDRIANO,IT
SEED,CH
SEELZE,DE
SEESEN,DE
SEGGIANO,IT
SEHNDE,DE
SEHYNI,UA
SEICHES SUR LE LOIR,FR
SEINGBOUSE,FR
SELTERS,DE
SELVAZZANO DENTRO,ES
SENAGO,SK
SERAING,BE
SETUBAL,PT
SEVILLA,ES
SEVLIEVO,BG
SHANNON,IE
SHEFFIELD,GB
SHERBORNE,NL
SIBIRIL,RO
SIEGEN,DE
SIGNA,FR
SILEA,TR
SILISTRA,BG
SILLINGY,FR
SIMMERATH,DE
SIMPELVELD,CH
SINDELFINGEN,DE
SINGEN,DE
SINT-AMANDSBERG,BE
SINT-KATELIJNE-WAVER,BE
SINT-NIKLAAS,BE
SINT-TRUIDEN,BE
SINT JANSTEEN,HU
SINT NICOLAASGA,NL
SINT OEDENRODE,NL
SINTRA,PT
SKELMERSDALE,GB
SKVY,UA
SLAGELSE,NL
SLIEDRECHT,NL
SLOOTDORP,NL
SLOUGH,GB
SLUBICE,PL
SNEEK,NL
SNR,FR
SOCHACZEW,PL
SOEST,DE
SOFIA,BG
SOISSONS,FR
SOLA,NO
SOLINGEN,DE
SOLNA,SE
SOMAGLIA,IT
SON,NL
SONSBECK,DE
SORBARA,IT
SORIGNY,ES
SOSNOWIEC,PL
SOUDAN,FR
SOUF,FR
SOUTHAMPTON,GB
SOUTHEND-ON-SEA,GB
SPA,BE
SPALDING,GB
SPATA,BE
SPAY,FR
SPEYER,DE
SPIESEN-ELVERSBERG,AT
SPIJKENISSE,NL
SPREITENBACH,DE
ST AIGNAN GRANDLIEU,GB
ST APOLLINAIRE,FR
ST CLAUDE,FR
ST FARGEAU PONTHIERRY,FR
ST FLOUR,FR
ST LAURENT DE MURE,FR
ST LOUIS,FR
ST MARCEL,FR
ST QUENTIN FALLAVIER,FR
ST SAULVE,FR
ST VIGOR D'YMONVILLE,IT
ST. HELENS,GB
ST. VALENTIN,FR
STABIO,CH
STABROEK,NL
STADE,DE
STADENSEN,GB
STADTOLDENDORF,NL
STAMULLIN,NL
STANSTED,GB
STARE MIASTO,PL
STAUDT,DE
STEENOKKERZEEL,BE
STEENVOORDE,NL
STEGEREN,NL
STEINFURT,NL
STEVENAGE,GB
STEYR-GLEINK,AT
STEZZANO,IT
STIEFENHOFEN,DE
STOCKPORT,SE
STOCKTON-ON-TEES,NL
STOLBERG,DE
STONE,GB
STOWMARKET,GB
STRAELEN,DE
STRALSUND,DE
STRANRAER,GB
STRULLENDORF,UA
STRZ,PL
STUHR,DE
STUTTGART,DE
SUDBURY,GB
SUNBURY-ON-THAMES,GB
SUNDERLAND,SE
SURABAYA,SK
SURHUISTERVEEN,NL
SURVILLIERS,FR
SUTTON COLDFIELD,GB
SVED,SE
SVEDALA,SE
SWALMEN,NL
SWANSEA,GB
SWARZEDZ,PL
SWINDON,GB
SWK,IT
SZEGED,HU
TAASTRUP,DK
TALLINN,EE
TARBES,FR
TARGOVISHTE,BG
TARNOWO PODGORNE,PL
TARVISIO,IT
TATA,HU
TAUNTON,NL
TAVAGNACCO,IT
TAVULLIA,IT
TEGELEN,NL
TELFORD,GB
TELT,DE
TEMSE,BE
TEN BOER,NL
TENNEVILLE,DE
TER AAR,NL
TER APELKANAAL,IT
TERHEIJDEN,NL
TERLIZZI,IT
TERMENO SULLA STRADA DEL VINO,IT
TERNEUZEN,NL
TERO,IT
TESSENDERLO,IT
TETERINGEN,NL
THAN,FR
THAYNGEN,CH
THEDINGHAUSEN,DE
THIAIS,FR
THIMISTER-CLERMONT,BE
THOLEN,NL
THUIN,BE
THUMERIES,FR
TIELT,NL
TIENEN,BE
TIGERY,FR
TILBURG,NL
TIRANA,IT
TIRRENIA,IT
TOMBOLO,IT
TONBRIDGE,FR
TONGEREN,BE
TONN,FR
TORHOUT,BE
TORINO,IT
TORRE PACHECO,IT
TORTOSA,IT
TORZYM,PL
TOULOUSE,FR
TOURNAI,FR
TRAPAGARAN,FR
TREDEGAR,GB
TRELLEBORG,SE
TREMBLAY EN FRANCE,FR
TREMELO,FR
TRES CANTOS,ES
TREZZANO ROSA,IT
TRIBIANO,IT
TRIER,DE
TRIESTE,IT
TRNAVA,SK
TROISDORF,DE
TROSSINGEN,DE
TROYAN,BG
TSR,RO
TUBBERGEN,NL
TUDELA,ES
TUNB,GB
TURANO LODIGIANO,IT
TURBENTHAL,IT
TWELLO,NL
TYNAARLO,NL
UBBERGEN,NL
UBER,DE
UCCLE,BE
UDEN,NL
UEBA,DE
UGHELEN,NL
UHRSLEBEN,DE
UITHOORN,NL
ULESTRATEN,DE
ULLO,HU
ULM,DE
UMEA,SE
UNNARYD,DE
URGNANO,IT
URK,NL
USSEL,FR
UTEB,ES
UTRECHT,NL
UXBRIDGE,GB
VACARISSES,ES
VAL DE REUIL,FR
VAL DO DUBRA,ES
VALKENBURG ZH,NL
VALKENSWAARD,NL
VALLORBE,ES
VANNES,FR
VANTAA,FI
VARNA,SE
VARSSEVELD,NL
VATRY,FR
VECHTA,DE
VEENDAM,NL
VEENENDAAL,NL
VEGHEL,NL
VEJLE,DK
VELDHOVEN,NL
VELIKA DYMERKA,UA
VELIKA GORICA,HR
VELIKO TARNOVO,BG
VELSEN NOORD,NL
VENAREY LES LAUMES,IT
VENLO,NL
VENRAY,FR
VENTAS DE POYO,IT
VERCELLI,IT
VERDAL,DE
VERLAINE,BE
VERRONE,IT
VERVIERS,BE
VERZUOLO,IT
VETS,DE
VIANA DO CASTELO,NL
VIANEN ZH,NL
VIBR,FR
VIC,IT
VIDIN,BG
VIELSALM,IT
VIENNE,AT
VIERSEN,DE
VIF,FR
VIGLIANO BIELLESE,IT
VILA FRANCA DE XIRA,PT
VILA REAL,ES
VILC,ES
VILLACH,FR
VILLAFRANCA DI VERONA,IT
VILNIUS,LT
VILOBI D'ONYAR,ES
VILVOORDE,BE
VINKENBUURT,NL
VIPITENO,IT
VITROLLES,FR
VIUZ-EN-SALLAZ,ES
VIVONNE,FR
VLAARDINGEN,NL
VLIJMEN,NL
VLISSINGEN,NL
VLODROP,NL
VOERENDAAL,NL
VOJENS,DK
VOLANIA,IT
VOLENDAM,NL
VOLG,FR
VOLPIANO,IT
VONDELINGENPLAAT RT,NL
VOORBURG,NL
VORDEN,NL
VRATSA,BG
VROOMSHOOP,NL
VSDA,FR
VUGHT,NL
WAALRE,NL
WAALWIJK,NL
WADDINXVEEN,NL
WAGENINGEN,NL
WAIDHOFEN AN DER THAYA,AT
WALDKIRCH,DE
WALLINGFORD,DE
WALSALL,GB
WALTHAM ABBEY,DE
WANZE,BE
WAPENVELD,NL
WARENDORF,BE
WARMENHUIZEN,NL
WARRINGTON,GB
WARSZAWA,PL
WASHINGTON,GB
WATERFORD,NL
WATTRELOS,FR
WAVRE,BE
WEDEMARK,DE
WEDNESBURY,GB
WEERSELO,NL
WEESP,NL
WEHL,NL
WEINGARTEN,DE
WEITEFELD,DE
WEIZ,AT
WELLEN,BE
WELLINGBOROUGH,DE
WELS,AT
WERTHEIM,DE
WERVIK,BE
WESEL,DE
WESSELING,NL
WEST BYFLEET,BE
WEST DRAYTON,GB
WESTERLO,BE
WETTEREN,BE
WETZLAR,DE
WEVELGEM,BE
WEYBRIDGE,GB
WEZUPERBRUG,NL
WHITLAND,FR
WHITSTABLE,ES
WIEHL,DE
WIELSBEKE,BE
WIEN,AT
WIEN-FLUGHAFEN,AT
WIESBADEN,DE
WIJCHEN,NL
WIJHE,NL
WIJNANDSRADE,BE
WIJSTER,NL
WILLEMSTAD NB,GB
WILRIJK,BE
WINCHESTER,LU
WINDEN,NL
WINGENE,FR
WINSELER,LU
WINSFORD,NL
WINTERTHUR,NL
WIRRAL,SE
WISB,GB
WITHAM,GB
WITNEY,IT
WITTEN,DE
WOGNUM,NL
WOIPPY,FR
WOKING,GB
WOLFEN,DE
WOLFSBURG,DE
WOMMELGEM,BE
WORKINGTON,NL
WORMS,DE
WOUBRUGGE,NL
WUPPERTAL,DE
WUSTERMARK,DE
YBBSITZ,AT
YECLA,ES
YERV,NL
YUNQUERA DE HENARES,ES
ZABIERZOW,PL
ZALTBOMMEL,NL
ZANDHOVEN,NL
ZAPORIZZJA,UA
ZARAGOZA,ES
ZAVENTEM,BE
ZEDDAM,NL
ZEDELGEM,BE
ZEEBRUGGE,BE
ZEEWOLDE,NL
ZEISKAM,NL
ZEIT,DE
ZELL AM SEE,BE
ZERNIKI WROCLAWSKIE,PL
ZGIERZ,PL
ZGORZELEC,PL
ZHYTOMYR,UA
ZIERBENA,ES
ZIERENBERG,DE
ZOERSEL,BE
ZOETERMEER,NL
ZOLL,DE
ZOTTEGEM,BE
ZOUTELANDE,NL
ZUNDERT,NL
ZUTPHEN,NL
ZWAMMERDAM,NL
ZWANENBURG,NL
ZWARTEMEER,NL
ZWEVEGEM,BE
ZWIJNDRECHT,NL
ZWOLLE,NL
